Dec (°),Inc (°),Mag (A/m),Radii (µm),Xc (µm),Yc (µm),Zc (µm)
-140,-30,20000,0.47,250.0,250.0,5.299999999999999
-70,-50,20000,0.44999999999999996,500.0,500.0,7.75
10,62,20000,0.41999999999999993,750.0,750.0,8.5
125,22,20000,0.38999999999999996,199.99999999999997,799.9999999999999,10.0
