x step (m),y step (m),sensor distance sample (m)
2.0028612303290415e-06,2.0020020020020023e-06,-4.9999999999999996e-06
