x step (m),y step (m),sensor distance sample (m)
1.0010010010010011e-06,1.0010010010010011e-06,-4.9999999999999996e-06
